{"WfcmD70md7QyMjGHBHsoEg==":"avatar-64x64.jpg","MB327G57CExx7XG9F4/CTA==":"avatar-122x122.jpg","rdfwwTZ2kd6D1Tl8ixbbng==":"avatar-122x122.jpeg","T25XL1d1Crdd47takPb98g==":"associate_banner-122x27.jpg","HGbuln1LPC+3CPxqyThSzQ==":"avatar-550x550.png","1MHU1lNHPoNqA/YSbAQugQ==":"beach-598x383.jpg","MHi3RMpikAn0jcb9o/i6ag==":"spring20-900x900.jpg","T4S+N1JPRuJT0olB0jyK/Q==":"front-2000x1333.jpg","JTIt/IxSWE8Z3/Y35Ef3hQ==":"avatar-192x192.png","1mofcmHLXBNHSIKNzSI9jA==":"spring20ass-2000x1500.jpg","LVh14hITl3cmYdOczScPKQ==":"spring20ass-2000x1500.jpeg","l9v+WNJ6DAt0XHefvqqO3g==":"gradspring19-960x842.jpg","LpucJbslYRyNlzg5rUPzOA==":"philanthropy-462x312.jpg","NMCA5PnuRTFKLZ2naEn2tA==":"teambuzz-960x640.jpg","hrRDQmQXP0DK6BDkeV3s1w==":"facetune_16-03-2020-19-04-12-1125x1091.jpg","q1NCMt2ELy1SwpTl9vEpKA==":"gradspring19-960x842.jpeg","+WS97kI7jT1pZjsBPG/uYA==":"gradspring19-1-960x842.jpeg","KMZfxI2K+KMKfmRVFX4zYg==":"beach-1-598x383.jpg","RI7YwQexcRnAap4iWnV1JA==":"atlgame.jpg","u5N/UHvf54YApm81EU3f5g==":"bibigmabrown.jpg","rjPne6a7CP+XQl8e4Bbb6A==":"community3.jpg","QjL1k3rj1JnEm3MlIJPq3A==":"study.jpg","PmeX/L798jppqeSC2vWdPQ==":"fall2018.jpg","uFOeFE5flipazv495REPSw==":"mtnweekend18.jpg","4qi8fB0qzQCxPazBctt3XA==":"zimzam.jpg","LlDUSmPSCFL8Kygbpt4orQ==":"run4roses.jpg","qZitnztTbNhxo/vMUPXB4A==":"fall2019asssun.jpg","y/nr3qn2LdHtXm95ZAoASQ==":"spring20ass.jpg","igfEiHHS6JlNkvAn5EvHGw==":"cain.jpg","ZR3BevxV6xxL7i07xkEJtQ==":"front.jpg","pa5Dkwo/T1qgW/t0h+fQvA==":"background5.jpg","6mD2Op5PKs3MkQun62RgAA==":"fall19ror2.jpg","IhkRDQg0ydzYW+oGw9sN+A==":"ayvictor.jpg","5SfDGxoBMBcWna3B60tEgg==":"spring2019.jpg","+bBVOL/O5IZ6l+NgDilYeA==":"beach.jpg","rev0yVZ+HIg+XyqxFCY82A==":"wood3.jpeg","2QSyjMLNhaTY5KD+lMxmJQ==":"thorne.jpg","vMJTe+DMani8AbKnfnvrow==":"bwilson.jpg","M2I09tR6im+ytCwU5brNOA==":"sulek.jpg","UtTdbbcgE3bFrzU3HOXtNg==":"wilberg2.jpg","NfG9aS3yTpUOxpiAOOFAYQ==":"wiberg.png","q6ajaX2gLYXAyGQcfyx82g==":"wood4.jpg","Zmzoyz+9UMeG15RQ6BmRNA==":"spring20.png","4A0HFaOoi08K2QhWYU8NNA==":"fall19ror2.jpeg","udNwwOtvfFVhJxW5BTJfkg==":"spring20-1.png","Hh2q+YWRuIWHb/SUAiuytQ==":"fall2018.jpeg","3uF3HarPstTGBPBDZCW9kQ==":"fall2018-1.jpeg","DNiNjU8/Ym2znB1aQ8+xRg==":"fall2018-2.jpeg","jXeercR46X46m5oSThMLEg==":"fall2018-3.jpeg","Kp99zcKjsLRZFcICTnS9sQ==":"mbr.jpg","8V3Ruo/bAuX3e0gLNldO+g==":"mbr-1.jpg","wEtFmwZbJdW9BxnmsGVtEw==":"mbr-2.jpg","N/BDUg70Hrw1UvU9DKYAzw==":"outstanding-chapter-georgia-tech.png","B45HbfsOBktbxB14pUNJ9A==":"adviser-len-gailes.png","6ifQW0Ypq0c4GGk9U/UrCQ==":"adviser-len-gailes-1.png","pLVLudYu/+ujVH1UgGem3g==":"white.png"}